,Date,Away_Team,Home_Team,Weather_Temp,Weather_Type
0,Sun 10/18/15 04:25 PM,Baltimore Ravens,San Francisco 49ers,68.0, Partly Cloudy
1,Sun 09/20/15 01:00 PM,San Francisco 49ers,Pittsburgh Steelers,69.0, Clear
2,Mon 11/09/15 08:30 PM,Chicago Bears,Los Angeles Chargers,61.0, Partly Cloudy
3,Sat 08/29/15 08:00 PM,Philadelphia Eagles,Green Bay Packers,62.0, Partly Cloudy
4,Thu 09/03/15 08:00 PM,Cleveland Browns,Chicago Bears,74.0, Partly Cloudy
5,Sun 12/06/15 01:00 PM,San Francisco 49ers,Chicago Bears,46.0, Clear
6,Sun 12/06/15 01:00 PM,Arizona Cardinals,Los Angeles Rams,,DOME
7,Sun 12/20/15 04:25 PM,Cincinnati Bengals,San Francisco 49ers,52.0, Mostly Cloudy
8,Sun 10/11/15 01:00 PM,New Orleans Saints,Philadelphia Eagles,67.0, Clear
9,Sun 10/18/15 01:00 PM,Washington Redskins,New York Jets,48.0, Mostly Cloudy
10,Sun 09/27/15 01:00 PM,New Orleans Saints,Carolina Panthers,67.0, Overcast
11,Fri 08/14/15 10:00 PM,Denver Broncos,Seattle Seahawks,61.0, Mostly Cloudy
12,Sun 10/04/15 01:00 PM,New York Giants,Buffalo Bills,60.0, Mostly Cloudy
13,Sun 10/11/15 01:00 PM,Buffalo Bills,Tennessee Titans,72.0, Partly Cloudy
14,Sun 12/27/15 08:30 PM,New York Giants,Minnesota Vikings,12.0, Clear
15,Sat 08/22/15 07:30 PM,Jacksonville Jaguars,New York Giants,73.0, Clear
16,Sun 12/06/15 01:00 PM,Houston Texans,Buffalo Bills,49.0, Mostly Cloudy
17,Sun 11/01/15 01:00 PM,Arizona Cardinals,Cleveland Browns,63.0, Partly Cloudy
18,Sun 12/13/15 01:00 PM,Pittsburgh Steelers,Cincinnati Bengals,65.0, Partly Cloudy
19,Sun 10/04/15 01:00 PM,Jacksonville Jaguars,Indianapolis Colts,,DOME
20,Sun 09/20/15 01:00 PM,Detroit Lions,Minnesota Vikings,70.0, Partly Cloudy
21,Sun 12/06/15 01:00 PM,Baltimore Ravens,Miami Dolphins,78.0, Mostly Cloudy
22,Sat 08/29/15 07:00 PM,New York Jets,New York Giants,75.0, Clear
23,Sun 11/22/15 01:00 PM,Los Angeles Rams,Baltimore Ravens,47.0, Partly Cloudy
24,Sun 10/04/15 01:00 PM,Oakland Raiders,Chicago Bears,56.0, Overcast
25,Sun 11/08/15 04:25 PM,Denver Broncos,Indianapolis Colts,,DOME
26,Sun 09/13/15 04:25 PM,Baltimore Ravens,Denver Broncos,86.0, Partly Cloudy
27,Sun 02/07/16 06:30 PM,Carolina Panthers,Denver Broncos,71.0, Clear
28,Sun 11/08/15 01:00 PM,Oakland Raiders,Pittsburgh Steelers,51.0, Clear
29,Sun 10/11/15 04:25 PM,New England Patriots,Dallas Cowboys,92.0, Clear
30,Sun 11/01/15 01:00 PM,Tennessee Titans,Houston Texans,68.0, Mostly Cloudy
31,Sun 10/18/15 01:00 PM,Miami Dolphins,Tennessee Titans,60.0, Clear
32,Sun 09/27/15 01:00 PM,Oakland Raiders,Cleveland Browns,75.0, Mostly Cloudy
33,Sun 12/13/15 01:00 PM,Atlanta Falcons,Carolina Panthers,70.0, Mostly Cloudy
34,Sun 12/20/15 08:30 PM,Arizona Cardinals,Philadelphia Eagles,34.0, Clear
35,Sun 10/11/15 04:25 PM,Denver Broncos,Oakland Raiders,76.0, Clear
36,Sun 12/27/15 01:00 PM,Chicago Bears,Tampa Bay Buccaneers,83.0, Clear
37,Sun 09/13/15 01:00 PM,Cleveland Browns,New York Jets,76.0, Partly Cloudy
38,Sun 12/27/15 04:25 PM,Los Angeles Rams,Seattle Seahawks,37.0, Rain
39,Sun 01/03/16 01:00 PM,New Orleans Saints,Atlanta Falcons,,DOME
40,Fri 08/21/15 08:00 PM,Seattle Seahawks,Kansas City Chiefs,73.0, Mostly Cloudy
41,Sun 11/22/15 01:00 PM,Tampa Bay Buccaneers,Philadelphia Eagles,48.0, Mostly Cloudy
42,Sun 11/29/15 01:00 PM,Los Angeles Rams,Cincinnati Bengals,45.0, Mostly Cloudy
43,Sun 12/20/15 01:00 PM,Chicago Bears,Minnesota Vikings,36.0, Mostly Cloudy
44,Thu 11/26/15 08:30 PM,Chicago Bears,Green Bay Packers,35.0, Light Rain
45,Thu 09/10/15 08:30 PM,Pittsburgh Steelers,New England Patriots,64.0, Light Rain
46,Sun 10/04/15 04:25 PM,Minnesota Vikings,Denver Broncos,60.0, Mostly Cloudy
47,Sun 10/25/15 01:00 PM,Atlanta Falcons,Tennessee Titans,61.0, Overcast
48,Sun 09/20/15 01:00 PM,Tampa Bay Buccaneers,New Orleans Saints,,DOME
49,Sun 01/03/16 01:00 PM,Detroit Lions,Chicago Bears,30.0, Mostly Cloudy
50,Sun 10/25/15 09:30 AM,Buffalo Bills,Jacksonville Jaguars,51.0, Clear
51,Sun 11/15/15 01:00 PM,Chicago Bears,Los Angeles Rams,,DOME
52,Fri 08/14/15 07:00 PM,Tennessee Titans,Atlanta Falcons,,DOME
53,Sat 08/29/15 07:00 PM,Minnesota Vikings,Dallas Cowboys,87.0, Clear
54,Thu 10/01/15 08:25 PM,Baltimore Ravens,Pittsburgh Steelers,54.0, Mostly Cloudy
55,Sun 11/15/15 04:25 PM,New England Patriots,New York Giants,54.0, Clear
56,Sat 08/15/15 08:00 PM,Tampa Bay Buccaneers,Minnesota Vikings,79.0, Clear
57,Sun 12/13/15 01:00 PM,Indianapolis Colts,Jacksonville Jaguars,77.0, Partly Cloudy
58,Thu 08/13/15 07:30 PM,Green Bay Packers,New England Patriots,67.0, Partly Cloudy
59,Sun 09/20/15 01:00 PM,New England Patriots,Buffalo Bills,62.0, Clear
60,Thu 08/13/15 08:00 PM,Washington Redskins,Cleveland Browns,75.0, Clear
61,Sat 12/26/15 08:25 PM,Washington Redskins,Philadelphia Eagles,50.0, Overcast
62,Thu 09/03/15 07:30 PM,Buffalo Bills,Detroit Lions,,DOME
63,Sun 01/03/16 01:00 PM,Tennessee Titans,Indianapolis Colts,,DOME
64,Sun 12/06/15 01:00 PM,Cincinnati Bengals,Cleveland Browns,46.0, Mostly Cloudy
65,Sun 08/09/15 08:00 PM,Pittsburgh Steelers,Minnesota Vikings,73.0, Mostly Cloudy
66,Sun 12/20/15 01:00 PM,Houston Texans,Indianapolis Colts,,DOME
67,Sun 12/06/15 01:00 PM,Seattle Seahawks,Minnesota Vikings,36.0, Overcast
68,Fri 08/14/15 10:00 PM,Los Angeles Rams,Oakland Raiders,64.0, Partly Cloudy
69,Thu 08/13/15 07:30 PM,New York Jets,Detroit Lions,,DOME
70,Sun 11/22/15 01:00 PM,Oakland Raiders,Detroit Lions,,DOME
71,Mon 12/21/15 08:30 PM,Detroit Lions,New Orleans Saints,,DOME
72,Sun 10/25/15 01:00 PM,New Orleans Saints,Indianapolis Colts,,DOME
73,Sun 09/13/15 01:00 PM,Indianapolis Colts,Buffalo Bills,53.0, Mostly Cloudy
74,Sun 01/03/16 01:00 PM,Washington Redskins,Dallas Cowboys,54.0, Clear
75,Sun 10/04/15 01:00 PM,Kansas City Chiefs,Cincinnati Bengals,73.0, Clear
76,Thu 11/12/15 08:25 PM,Buffalo Bills,New York Jets,56.0, Partly Cloudy
77,Sun 09/27/15 04:05 PM,San Francisco 49ers,Arizona Cardinals,,DOME
78,Sun 08/30/15 08:00 PM,Arizona Cardinals,Oakland Raiders,69.0, Clear
79,Sun 01/03/16 08:30 PM,Minnesota Vikings,Green Bay Packers,23.0, Overcast
80,Sun 10/18/15 01:00 PM,Houston Texans,Jacksonville Jaguars,70.0, Mostly Cloudy
81,Mon 10/12/15 08:30 PM,Pittsburgh Steelers,Los Angeles Chargers,76.0, Partly Cloudy
82,Sun 11/01/15 01:00 PM,Minnesota Vikings,Chicago Bears,61.0, Clear
83,Thu 12/24/15 08:25 PM,Los Angeles Chargers,Oakland Raiders,46.0, Clear
84,Sun 09/27/15 04:25 PM,Buffalo Bills,Miami Dolphins,80.0, Mostly Cloudy
85,Sun 09/27/15 01:00 PM,Tampa Bay Buccaneers,Houston Texans,75.0, Mostly Cloudy
86,Sun 08/23/15 08:00 PM,Green Bay Packers,Pittsburgh Steelers,70.0, Clear
87,Sun 11/01/15 04:25 PM,Seattle Seahawks,Dallas Cowboys,63.0, Partly Cloudy
88,Sun 10/25/15 04:05 PM,Oakland Raiders,Los Angeles Chargers,77.0, Mostly Cloudy
89,Sun 10/18/15 01:00 PM,Denver Broncos,Cleveland Browns,46.0, Mostly Cloudy
90,Sun 12/27/15 01:00 PM,Cleveland Browns,Kansas City Chiefs,34.0, Overcast
91,Sun 11/22/15 01:00 PM,Denver Broncos,Chicago Bears,29.0, Clear
92,Mon 11/23/15 08:30 PM,Buffalo Bills,New England Patriots,28.0, Clear
93,Sun 12/13/15 01:00 PM,San Francisco 49ers,Cleveland Browns,62.0, Mostly Cloudy
94,Sun 10/18/15 01:00 PM,Kansas City Chiefs,Minnesota Vikings,62.0, Clear
95,Mon 08/24/15 08:00 PM,Cincinnati Bengals,Tampa Bay Buccaneers,82.0, Partly Cloudy
96,Mon 11/16/15 08:30 PM,Houston Texans,Cincinnati Bengals,49.0, Partly Cloudy
97,Sun 12/06/15 04:05 PM,Kansas City Chiefs,Oakland Raiders,60.0, Mostly Cloudy
98,Fri 08/14/15 07:30 PM,Pittsburgh Steelers,Jacksonville Jaguars,80.0, Partly Cloudy
99,Sun 11/15/15 08:30 PM,Arizona Cardinals,Seattle Seahawks,42.0, Partly Cloudy
100,Mon 12/14/15 08:30 PM,New York Giants,Miami Dolphins,75.0, Humid
101,Sun 12/20/15 01:00 PM,Tennessee Titans,New England Patriots,39.0, Clear
102,Sun 09/20/15 08:30 PM,Seattle Seahawks,Green Bay Packers,54.0, Clear
103,Thu 09/03/15 07:00 PM,Philadelphia Eagles,New York Jets,82.0, Partly Cloudy
104,Thu 12/10/15 08:25 PM,Minnesota Vikings,Arizona Cardinals,,DOME
105,Sun 11/15/15 01:00 PM,Dallas Cowboys,Tampa Bay Buccaneers,77.0, Partly Cloudy
106,Thu 12/17/15 08:25 PM,Tampa Bay Buccaneers,Los Angeles Rams,,DOME
107,Sun 12/20/15 04:25 PM,Denver Broncos,Pittsburgh Steelers,36.0, Clear
108,Fri 08/28/15 08:00 PM,Detroit Lions,Jacksonville Jaguars,77.0, Partly Cloudy
109,Thu 11/05/15 08:25 PM,Cleveland Browns,Cincinnati Bengals,65.0, Mostly Cloudy
110,Sun 09/27/15 04:25 PM,Chicago Bears,Seattle Seahawks,62.0, Clear
111,Sun 01/24/16 06:40 PM,Arizona Cardinals,Carolina Panthers,34.0, Clear
112,Sat 01/16/16 04:35 PM,Kansas City Chiefs,New England Patriots,35.0, Partly Cloudy
113,Sat 08/29/15 07:00 PM,Atlanta Falcons,Miami Dolphins,82.0, Light Rain
114,Thu 10/08/15 08:25 PM,Indianapolis Colts,Houston Texans,76.0, Mostly Cloudy
115,Thu 08/20/15 07:30 PM,Detroit Lions,Washington Redskins,75.0, Light Rain
116,Sat 08/29/15 07:30 PM,Washington Redskins,Baltimore Ravens,74.0, Clear
117,Sun 12/27/15 01:00 PM,Dallas Cowboys,Buffalo Bills,37.0, Mostly Cloudy
118,Sun 01/03/16 01:00 PM,Pittsburgh Steelers,Cleveland Browns,34.0, Mostly Cloudy
119,Sat 08/29/15 08:00 PM,Seattle Seahawks,Los Angeles Chargers,78.0, Clear
120,Sun 09/27/15 01:00 PM,Philadelphia Eagles,New York Jets,70.0, Partly Cloudy
121,Sun 11/08/15 01:00 PM,Washington Redskins,New England Patriots,54.0, Clear
122,Sat 08/29/15 04:00 PM,Pittsburgh Steelers,Buffalo Bills,74.0, Partly Cloudy
123,Mon 10/05/15 08:30 PM,Detroit Lions,Seattle Seahawks,61.0, Partly Cloudy
124,Sun 10/11/15 01:00 PM,Los Angeles Rams,Green Bay Packers,73.0, Clear
125,Sun 01/17/16 04:40 PM,Pittsburgh Steelers,Denver Broncos,40.0, Partly Cloudy
126,Sun 11/29/15 04:25 PM,Pittsburgh Steelers,Seattle Seahawks,37.0, Mostly Cloudy
127,Sun 01/24/16 03:05 PM,New England Patriots,Denver Broncos,43.0, Mostly Cloudy
128,Sun 09/20/15 04:05 PM,Baltimore Ravens,Oakland Raiders,89.0, Dry and Partly Cloudy
129,Sun 09/27/15 01:00 PM,Indianapolis Colts,Tennessee Titans,77.0, Mostly Cloudy
130,Sun 12/27/15 01:00 PM,Pittsburgh Steelers,Baltimore Ravens,63.0, Overcast
131,Sun 11/01/15 04:05 PM,New York Jets,Oakland Raiders,68.0, Partly Cloudy
132,Sat 08/22/15 07:00 PM,Miami Dolphins,Carolina Panthers,77.0, Partly Cloudy
133,Sun 10/04/15 01:00 PM,Philadelphia Eagles,Washington Redskins,59.0, Overcast
134,Mon 09/14/15 10:20 PM,Minnesota Vikings,San Francisco 49ers,64.0, Mostly Cloudy
135,Sun 12/06/15 04:25 PM,Philadelphia Eagles,New England Patriots,44.0, Clear
136,Thu 11/26/15 04:30 PM,Carolina Panthers,Dallas Cowboys,68.0, Humid and Mostly Cloudy
137,Sun 09/13/15 01:00 PM,Seattle Seahawks,Los Angeles Rams,,DOME
138,Sat 08/29/15 09:00 PM,San Francisco 49ers,Denver Broncos,73.0, Partly Cloudy
139,Sun 11/22/15 04:05 PM,Kansas City Chiefs,Los Angeles Chargers,78.0, Clear
140,Mon 10/26/15 08:30 PM,Baltimore Ravens,Arizona Cardinals,,DOME
141,Sun 11/29/15 04:05 PM,Arizona Cardinals,San Francisco 49ers,57.0, Clear
142,Sun 11/15/15 01:00 PM,Carolina Panthers,Tennessee Titans,60.0, Partly Cloudy
143,Sun 12/13/15 01:00 PM,Detroit Lions,Los Angeles Rams,,DOME
144,Sun 09/13/15 04:25 PM,Cincinnati Bengals,Oakland Raiders,75.0, Partly Cloudy
145,Sun 10/25/15 01:00 PM,Pittsburgh Steelers,Kansas City Chiefs,64.0, Clear
146,Sun 09/20/15 04:25 PM,Dallas Cowboys,Philadelphia Eagles,74.0, Clear
147,Thu 09/17/15 08:25 PM,Denver Broncos,Kansas City Chiefs,80.0, Mostly Cloudy
148,Sat 01/09/16 08:15 PM,Pittsburgh Steelers,Cincinnati Bengals,48.0, Heavy Rain
149,Sun 09/13/15 01:00 PM,Carolina Panthers,Jacksonville Jaguars,81.0, Partly Cloudy
150,Thu 09/03/15 10:00 PM,Oakland Raiders,Seattle Seahawks,59.0, Mostly Cloudy
151,Sun 11/15/15 04:05 PM,Minnesota Vikings,Oakland Raiders,57.0, Clear
152,Fri 08/14/15 07:00 PM,Carolina Panthers,Buffalo Bills,68.0, Partly Cloudy
153,Sun 10/04/15 01:00 PM,Carolina Panthers,Tampa Bay Buccaneers,75.0, Partly Cloudy
154,Sun 11/01/15 01:00 PM,San Francisco 49ers,Los Angeles Rams,,DOME
155,Sun 11/29/15 01:00 PM,Los Angeles Chargers,Jacksonville Jaguars,75.0, Clear
156,Sun 09/27/15 08:30 PM,Denver Broncos,Detroit Lions,,DOME
157,Sun 09/13/15 01:00 PM,Kansas City Chiefs,Houston Texans,83.0, Clear
158,Mon 11/02/15 08:30 PM,Indianapolis Colts,Carolina Panthers,62.0, Rain
159,Sun 11/29/15 01:00 PM,New York Giants,Washington Redskins,46.0, Overcast
160,Sun 09/13/15 08:30 PM,New York Giants,Dallas Cowboys,78.0, Clear
161,Sun 10/04/15 08:30 PM,Dallas Cowboys,New Orleans Saints,,DOME
162,Sun 11/08/15 01:00 PM,Jacksonville Jaguars,New York Jets,57.0, Clear
163,Sun 12/13/15 04:05 PM,Oakland Raiders,Denver Broncos,39.0, Partly Cloudy
164,Sat 01/16/16 08:15 PM,Green Bay Packers,Arizona Cardinals,,DOME
165,Sun 10/04/15 01:00 PM,Houston Texans,Atlanta Falcons,,DOME
166,Sun 12/06/15 04:25 PM,Carolina Panthers,New Orleans Saints,,DOME
167,Sun 10/11/15 01:00 PM,Washington Redskins,Atlanta Falcons,,DOME
168,Sun 11/22/15 01:00 PM,New York Jets,Houston Texans,52.0, Clear
169,Sun 01/03/16 04:25 PM,Oakland Raiders,Kansas City Chiefs,32.0, Clear
170,Sun 10/25/15 01:00 PM,Cleveland Browns,Los Angeles Rams,,DOME
171,Sun 11/15/15 01:00 PM,Jacksonville Jaguars,Baltimore Ravens,63.0, Clear
172,Sun 11/15/15 01:00 PM,Miami Dolphins,Philadelphia Eagles,59.0, Clear
173,Sun 08/23/15 08:00 PM,Dallas Cowboys,San Francisco 49ers,69.0, Partly Cloudy
174,Thu 09/03/15 07:00 PM,Tampa Bay Buccaneers,Miami Dolphins,80.0, Partly Cloudy
175,Sat 01/09/16 04:20 PM,Kansas City Chiefs,Houston Texans,50.0, Partly Cloudy
176,Thu 12/03/15 08:25 PM,Green Bay Packers,Detroit Lions,,DOME
177,Sat 08/22/15 07:00 PM,Baltimore Ravens,Philadelphia Eagles,73.0, Clear
178,Sun 10/25/15 08:30 PM,Philadelphia Eagles,Carolina Panthers,64.0, Mostly Cloudy
179,Sun 01/03/16 04:25 PM,Seattle Seahawks,Arizona Cardinals,,DOME
180,Sun 09/13/15 01:00 PM,Green Bay Packers,Chicago Bears,68.0, Partly Cloudy
181,Sun 11/01/15 08:30 PM,Green Bay Packers,Denver Broncos,52.0, Partly Cloudy
182,Sun 11/29/15 08:30 PM,New England Patriots,Denver Broncos,21.0, Light Snow
183,Thu 09/03/15 09:00 PM,Arizona Cardinals,Denver Broncos,63.0, Partly Cloudy
184,Sun 12/27/15 01:00 PM,New England Patriots,New York Jets,56.0, Overcast
185,Sun 11/08/15 08:30 PM,Philadelphia Eagles,Dallas Cowboys,53.0, Clear
186,Sun 01/03/16 04:25 PM,Los Angeles Chargers,Denver Broncos,44.0, Clear
187,Thu 08/13/15 07:30 PM,New Orleans Saints,Baltimore Ravens,72.0, Clear
188,Sat 08/29/15 07:30 PM,Chicago Bears,Cincinnati Bengals,72.0, Partly Cloudy
189,Sun 10/11/15 01:00 PM,Cleveland Browns,Baltimore Ravens,68.0, Clear
190,Sun 12/06/15 08:30 PM,Indianapolis Colts,Pittsburgh Steelers,35.0, Partly Cloudy
191,Sun 09/13/15 04:25 PM,Tennessee Titans,Tampa Bay Buccaneers,81.0, Mostly Cloudy
192,Sun 12/13/15 01:00 PM,New Orleans Saints,Tampa Bay Buccaneers,80.0, Partly Cloudy
193,Sun 01/03/16 01:00 PM,New England Patriots,Miami Dolphins,78.0, Mostly Cloudy
194,Sun 09/27/15 01:00 PM,Atlanta Falcons,Dallas Cowboys,89.0, Clear
195,Sun 01/03/16 04:25 PM,Los Angeles Rams,San Francisco 49ers,57.0, Partly Cloudy
196,Sat 08/29/15 07:00 PM,Cleveland Browns,Tampa Bay Buccaneers,77.0, Partly Cloudy
197,Sun 11/01/15 09:30 AM,Detroit Lions,Kansas City Chiefs,57.0, Clear
198,Mon 12/07/15 08:30 PM,Dallas Cowboys,Washington Redskins,44.0, Partly Cloudy
199,Sun 12/20/15 01:00 PM,Atlanta Falcons,Jacksonville Jaguars,68.0, Clear
200,Sun 12/13/15 08:30 PM,New England Patriots,Houston Texans,52.0, Partly Cloudy
201,Sun 10/11/15 08:30 PM,San Francisco 49ers,New York Giants,57.0, Clear
202,Sun 11/15/15 01:00 PM,Cleveland Browns,Pittsburgh Steelers,60.0, Clear
203,Sun 12/20/15 01:00 PM,Carolina Panthers,New York Giants,41.0, Clear
204,Thu 09/03/15 07:30 PM,Jacksonville Jaguars,Washington Redskins,77.0, Partly Cloudy
205,Sun 12/13/15 01:00 PM,Los Angeles Chargers,Kansas City Chiefs,60.0, Light Rain
206,Sun 01/17/16 01:05 PM,Seattle Seahawks,Carolina Panthers,43.0, Mostly Cloudy
207,Sun 12/13/15 01:00 PM,Tennessee Titans,New York Jets,65.0, Mostly Cloudy
208,Fri 08/14/15 07:30 PM,New York Giants,Cincinnati Bengals,74.0, Clear
209,Sun 10/11/15 04:05 PM,Arizona Cardinals,Detroit Lions,,DOME
210,Thu 09/03/15 07:30 PM,Carolina Panthers,Pittsburgh Steelers,73.0, Mostly Cloudy
211,Sun 09/27/15 01:00 PM,Cincinnati Bengals,Baltimore Ravens,73.0, Mostly Cloudy
212,Sun 01/10/16 04:40 PM,Green Bay Packers,Washington Redskins,49.0, Partly Cloudy
213,Mon 09/14/15 07:10 PM,Philadelphia Eagles,Atlanta Falcons,,DOME
214,Sun 11/08/15 01:00 PM,Miami Dolphins,Buffalo Bills,47.0, Clear
215,Sun 10/18/15 01:00 PM,Cincinnati Bengals,Buffalo Bills,37.0, Mostly Cloudy
216,Sun 10/11/15 01:00 PM,Jacksonville Jaguars,Tampa Bay Buccaneers,83.0, Clear
217,Sun 10/04/15 04:05 PM,Cleveland Browns,Los Angeles Chargers,68.0, Mostly Cloudy
218,Sun 10/25/15 01:00 PM,New York Jets,New England Patriots,58.0, Mostly Cloudy
219,Sun 11/22/15 01:00 PM,Dallas Cowboys,Miami Dolphins,75.0, Partly Cloudy
220,Thu 08/20/15 08:00 PM,Buffalo Bills,Cleveland Browns,70.0, Clear
221,Fri 08/21/15 07:30 PM,Atlanta Falcons,New York Jets,75.0, Partly Cloudy
222,Sun 11/22/15 04:25 PM,San Francisco 49ers,Seattle Seahawks,48.0, Partly Cloudy
223,Sun 09/13/15 04:05 PM,New Orleans Saints,Arizona Cardinals,,DOME
224,Thu 09/03/15 07:00 PM,Cincinnati Bengals,Indianapolis Colts,,DOME
225,Sat 08/15/15 08:00 PM,San Francisco 49ers,Houston Texans,84.0, Clear
226,Sat 08/29/15 08:00 PM,Indianapolis Colts,Los Angeles Rams,,DOME
227,Sun 12/27/15 04:25 PM,Green Bay Packers,Arizona Cardinals,,DOME
228,Sun 11/01/15 01:00 PM,Cincinnati Bengals,Pittsburgh Steelers,63.0, Partly Cloudy
229,Sun 12/13/15 04:25 PM,Dallas Cowboys,Green Bay Packers,52.0, Drizzle
230,Sun 11/22/15 04:25 PM,Green Bay Packers,Minnesota Vikings,32.0, Mostly Cloudy
231,Fri 08/28/15 08:00 PM,Tennessee Titans,Kansas City Chiefs,72.0, Rain
232,Thu 09/03/15 08:00 PM,Houston Texans,Dallas Cowboys,86.0, Clear
233,Sun 12/20/15 01:00 PM,Buffalo Bills,Washington Redskins,45.0, Clear
234,Sun 10/04/15 04:25 PM,Los Angeles Rams,Arizona Cardinals,,DOME
235,Sun 12/20/15 04:25 PM,Miami Dolphins,Los Angeles Chargers,60.0, Partly Cloudy
236,Sun 11/15/15 04:25 PM,Kansas City Chiefs,Denver Broncos,59.0, Partly Cloudy
237,Sun 12/27/15 01:00 PM,Houston Texans,Tennessee Titans,72.0, Mostly Cloudy
238,Sun 11/08/15 01:00 PM,Green Bay Packers,Carolina Panthers,53.0, Mostly Cloudy
239,Sun 11/08/15 01:00 PM,Tennessee Titans,New Orleans Saints,,DOME
240,Fri 08/28/15 07:30 PM,New England Patriots,Carolina Panthers,73.0, Partly Cloudy
241,Thu 10/22/15 08:25 PM,Seattle Seahawks,San Francisco 49ers,66.0, Clear
242,Sun 10/25/15 01:00 PM,Houston Texans,Miami Dolphins,82.0, Mostly Cloudy
243,Sun 10/18/15 08:30 PM,New England Patriots,Indianapolis Colts,,DOME
244,Sat 08/22/15 08:00 PM,Denver Broncos,Houston Texans,81.0, Partly Cloudy
245,Sun 11/29/15 01:00 PM,Oakland Raiders,Tennessee Titans,57.0, Overcast
246,Sun 01/31/16 07:00 PM,Pro Bowl Team Rice,Pro Bowl Team Irvin,76.0, Clear
247,Sun 08/30/15 04:00 PM,Houston Texans,New Orleans Saints,,DOME
248,Sun 12/06/15 01:00 PM,New York Jets,New York Giants,52.0, Clear
249,Thu 09/03/15 08:00 PM,Kansas City Chiefs,Los Angeles Rams,,DOME
250,Mon 10/19/15 08:30 PM,New York Giants,Philadelphia Eagles,44.0, Clear
251,Sun 11/29/15 01:00 PM,New Orleans Saints,Houston Texans,55.0, Overcast
252,Mon 11/30/15 08:30 PM,Baltimore Ravens,Cleveland Browns,42.0, Mostly Cloudy
253,Sun 09/13/15 01:00 PM,Miami Dolphins,Washington Redskins,71.0, Partly Cloudy
254,Sun 12/13/15 01:00 PM,Buffalo Bills,Philadelphia Eagles,69.0, Mostly Cloudy
255,Sun 10/11/15 01:00 PM,Seattle Seahawks,Cincinnati Bengals,72.0, Clear
256,Sun 10/04/15 04:25 PM,Green Bay Packers,San Francisco 49ers,76.0, Clear
257,Sun 11/22/15 01:00 PM,Washington Redskins,Carolina Panthers,52.0, Partly Cloudy
258,Sun 11/15/15 01:00 PM,Detroit Lions,Green Bay Packers,57.0, Clear
259,Sun 01/03/16 01:00 PM,New York Jets,Buffalo Bills,30.0, Partly Cloudy
260,Sun 10/18/15 01:00 PM,Arizona Cardinals,Pittsburgh Steelers,42.0, Mostly Cloudy
261,Sun 12/27/15 01:00 PM,San Francisco 49ers,Detroit Lions,,DOME
262,Sun 11/29/15 01:00 PM,Buffalo Bills,Kansas City Chiefs,34.0, Light Rain
263,Mon 12/28/15 08:30 PM,Cincinnati Bengals,Denver Broncos,16.0, Partly Cloudy
264,Thu 09/24/15 08:25 PM,Washington Redskins,New York Giants,66.0, Clear
265,Sun 11/22/15 08:30 PM,Cincinnati Bengals,Arizona Cardinals,,DOME
266,Sun 10/11/15 01:00 PM,Chicago Bears,Kansas City Chiefs,80.0, Clear
267,Sun 12/20/15 04:05 PM,Cleveland Browns,Seattle Seahawks,44.0, Mostly Cloudy
268,Sun 01/03/16 01:00 PM,Jacksonville Jaguars,Houston Texans,56.0, Partly Cloudy
269,Sun 01/03/16 01:00 PM,Philadelphia Eagles,New York Giants,44.0, Clear
270,Sun 11/08/15 01:00 PM,Los Angeles Rams,Minnesota Vikings,57.0, Clear
271,Sun 09/20/15 01:00 PM,Los Angeles Chargers,Cincinnati Bengals,73.0, Partly Cloudy
272,Sat 08/15/15 09:00 PM,Kansas City Chiefs,Arizona Cardinals,,DOME
273,Sun 11/22/15 01:00 PM,Indianapolis Colts,Atlanta Falcons,,DOME
274,Sun 12/06/15 01:00 PM,Atlanta Falcons,Tampa Bay Buccaneers,78.0, Partly Cloudy
275,Sun 11/01/15 01:00 PM,New York Giants,New Orleans Saints,,DOME
276,Thu 09/03/15 07:00 PM,New Orleans Saints,Green Bay Packers,69.0, Partly Cloudy
277,Sun 09/20/15 01:00 PM,Arizona Cardinals,Chicago Bears,69.0, Partly Cloudy
278,Sun 12/13/15 01:00 PM,Washington Redskins,Chicago Bears,58.0, Overcast
279,Sun 10/25/15 04:25 PM,Dallas Cowboys,New York Giants,59.0, Partly Cloudy
280,Sun 11/08/15 04:05 PM,New York Giants,Tampa Bay Buccaneers,77.0, Mostly Cloudy
281,Sun 09/20/15 01:00 PM,Atlanta Falcons,New York Giants,77.0, Clear
282,Sun 10/25/15 01:00 PM,Tampa Bay Buccaneers,Washington Redskins,70.0, Mostly Cloudy
283,Sun 12/06/15 04:05 PM,Denver Broncos,Los Angeles Chargers,71.0, Partly Cloudy
284,Thu 11/19/15 08:25 PM,Tennessee Titans,Jacksonville Jaguars,71.0, Partly Cloudy
285,Sun 12/20/15 04:05 PM,Green Bay Packers,Oakland Raiders,51.0, Overcast
286,Sat 08/22/15 08:00 PM,Oakland Raiders,Minnesota Vikings,72.0, Mostly Cloudy
287,Thu 08/13/15 08:00 PM,Miami Dolphins,Chicago Bears,76.0, Mostly Cloudy
288,Sun 10/18/15 04:05 PM,Carolina Panthers,Seattle Seahawks,59.0, Overcast
289,Sat 08/22/15 07:30 PM,New England Patriots,New Orleans Saints,,DOME
290,Sun 01/10/16 01:05 PM,Seattle Seahawks,Minnesota Vikings,0.0, Clear
291,Sun 09/20/15 01:00 PM,Houston Texans,Carolina Panthers,88.0, Partly Cloudy
292,Sun 09/27/15 01:00 PM,Pittsburgh Steelers,Los Angeles Rams,,DOME
293,Thu 09/03/15 10:00 PM,Los Angeles Chargers,San Francisco 49ers,61.0, Clear
294,Sun 12/27/15 01:00 PM,Carolina Panthers,Atlanta Falcons,,DOME
295,Thu 09/03/15 07:30 PM,New York Giants,New England Patriots,72.0, Mostly Cloudy
296,Sun 11/01/15 01:00 PM,Los Angeles Chargers,Baltimore Ravens,65.0, Partly Cloudy
297,Sun 10/25/15 01:00 PM,Minnesota Vikings,Detroit Lions,,DOME
298,Sun 11/01/15 01:00 PM,Tampa Bay Buccaneers,Atlanta Falcons,,DOME
299,Sun 12/27/15 04:05 PM,Jacksonville Jaguars,New Orleans Saints,,DOME
300,Sun 11/29/15 01:00 PM,Miami Dolphins,New York Jets,48.0, Clear
301,Thu 10/29/15 08:25 PM,Miami Dolphins,New England Patriots,53.0, Clear
302,Sun 09/27/15 01:00 PM,Los Angeles Chargers,Minnesota Vikings,80.0, Clear
303,Mon 09/21/15 08:30 PM,New York Jets,Indianapolis Colts,,DOME
304,Sun 11/08/15 04:05 PM,Atlanta Falcons,San Francisco 49ers,58.0, Mostly Cloudy
305,Sun 08/23/15 08:00 PM,Los Angeles Rams,Tennessee Titans,78.0, Partly Cloudy
306,Sun 09/20/15 04:05 PM,Miami Dolphins,Jacksonville Jaguars,83.0, Clear
307,Sun 09/20/15 01:00 PM,Tennessee Titans,Cleveland Browns,66.0, Partly Cloudy
308,Sun 10/04/15 09:30 AM,New York Jets,Miami Dolphins,62.0, Partly Cloudy
309,Sat 08/22/15 07:30 PM,Chicago Bears,Indianapolis Colts,,DOME
310,Sun 11/15/15 01:00 PM,New Orleans Saints,Washington Redskins,62.0, Clear
311,Sun 12/13/15 01:00 PM,Seattle Seahawks,Baltimore Ravens,66.0, Mostly Cloudy
312,Sun 12/20/15 01:00 PM,Kansas City Chiefs,Baltimore Ravens,43.0, Clear
313,Sun 12/27/15 01:00 PM,Indianapolis Colts,Miami Dolphins,81.0, Partly Cloudy
314,Sun 09/20/15 01:00 PM,Los Angeles Rams,Washington Redskins,75.0, Partly Cloudy
315,Sun 12/06/15 01:00 PM,Jacksonville Jaguars,Tennessee Titans,56.0, Mostly Cloudy
316,Sun 01/03/16 04:25 PM,Tampa Bay Buccaneers,Carolina Panthers,48.0, Clear
317,Thu 09/03/15 08:00 PM,Minnesota Vikings,Tennessee Titans,79.0, Partly Cloudy
318,Thu 11/26/15 12:30 PM,Philadelphia Eagles,Detroit Lions,,DOME
319,Sat 08/22/15 10:00 PM,Los Angeles Chargers,Arizona Cardinals,,DOME
320,Thu 10/15/15 08:25 PM,Atlanta Falcons,New Orleans Saints,,DOME
321,Sun 09/27/15 01:00 PM,Jacksonville Jaguars,New England Patriots,70.0, Clear
322,Thu 09/03/15 07:00 PM,Baltimore Ravens,Atlanta Falcons,,DOME
323,Sun 10/18/15 01:00 PM,Chicago Bears,Detroit Lions,,DOME
324,Mon 09/28/15 08:30 PM,Kansas City Chiefs,Green Bay Packers,62.0, Overcast
325,Sun 01/03/16 01:00 PM,Baltimore Ravens,Cincinnati Bengals,33.0, Mostly Cloudy
326,Sat 12/19/15 08:25 PM,New York Jets,Dallas Cowboys,50.0, Clear
327,Sun 11/29/15 01:00 PM,Minnesota Vikings,Atlanta Falcons,,DOME
328,Sun 10/18/15 04:25 PM,Los Angeles Chargers,Green Bay Packers,49.0, Clear
329,Sun 11/29/15 01:00 PM,Tampa Bay Buccaneers,Indianapolis Colts,,DOME
330,Sun 09/13/15 04:05 PM,Detroit Lions,Los Angeles Chargers,82.0, Clear
331,Sun 08/16/15 01:00 PM,Indianapolis Colts,Philadelphia Eagles,92.0, Clear
332,Thu 08/13/15 10:00 PM,Dallas Cowboys,Los Angeles Chargers,74.0, Partly Cloudy
